Track Name;Artist Name(s);Album Name;Added At
失透;uytrere;pf_es;2022-02-22T10:24:26Z
Temporal;Sonicbrat;Stranger to My Room;2021-12-05T19:28:39Z
CONTRAST;Tielle;CONTRAST;2022-01-19T20:07:44Z
Coto;KASHIWA Daisuke;88;2022-01-24T09:10:33Z
Silent Motion;JOMALU;Weightless;2021-09-05T08:37:19Z
Stella;The Lost Astronaut;Stella;2021-09-05T08:54:00Z
Rainy Day;JOMALU;Breathe In Breathe Out;2021-12-05T19:17:32Z
morning';YUSUKE KUWABARA;strings';2021-12-27T23:09:39Z
A Poem in Braille;dom mino';Unknown Coordinates;2022-01-03T12:49:23Z
crystal valley;KASHIWA Daisuke;program music II;2022-01-04T08:27:31Z
Caesura;Sonicbrat;Stranger to My Room;2022-01-05T19:23:25Z
Last Days;Yasushi Yoshida;Heavenly Me Last Days;2022-01-21T18:14:09Z
Jasmine;KOTARO SAITO;Poem, Poetry Or Not;2022-03-20T11:01:07Z
Shadowlord's Castle / Memory;SQUARE ENIX MUSIC;NieR Gestalt & NieR Replicant Original Soundtrack;2022-01-25T09:15:50Z
garden;Akira Kosemura;Afterglow;2022-01-25T09:29:02Z
Quiet Summer;Yasushi Yoshida;Heavenly Me Last Days;2022-02-02T10:57:45Z
Resonance;Akira Kosemura;In The Dark Woods;2022-02-02T11:44:09Z
Inside River, Pt. 2;Akira Kosemura;In The Dark Woods;2022-02-02T12:00:42Z
Inside River, Pt. 1;Akira Kosemura;In The Dark Woods;2022-02-02T12:26:51Z
The Cycle Of Nature;Akira Kosemura;In The Dark Woods;2022-02-02T12:46:34Z
Gloaming;Angus MacRae;MMXIX;2022-02-02T20:32:03Z
除日;uytrere;pf_es;2022-02-22T14:52:36Z
yuki no hi;uytrere;pf_es;2022-02-22T14:55:54Z
id;uytrere;pf_es;2022-02-22T14:59:39Z
espoir;uytrere;pf_es;2022-02-22T15:05:47Z
threatening sky;uytrere;Hensou Original Soundtrack;2022-02-22T16:53:45Z
Undone;Angus MacRae;MMXIX;2022-02-28T13:25:37Z
Camera Obscura;Angus MacRae;Camera Obscura;2022-02-28T13:43:37Z
Spring Nocturne;Angus MacRae;Cry Wolf;2022-02-28T13:46:21Z
Holding Pattern;Angus MacRae;Cry Wolf;2022-02-28T13:51:03Z
Spindrift;Angus MacRae;Cry Wolf;2022-02-28T13:57:41Z
bagatelle no.2;Teruyuki Nobuchika;Sonorite;2022-02-28T14:44:28Z
夕べの祈り;haruka nakamura;Twilight;2022-02-28T16:36:27Z
Komorebi;Akira Kosemura;88 Keys;2022-02-28T16:45:11Z
In Ordina;Tristan Eckerson;Trozo Revisited;2022-03-04T09:31:09Z
Silva;uytrere;sanatorium;2022-03-04T23:07:59Z
CR;uytrere;sanatorium;2022-03-05T12:02:52Z
Uprise;uytrere;sanatorium;2022-03-05T12:29:37Z
Leaving;uytrere;sanatorium;2022-03-05T12:30:05Z
Marginalia #13;Masakatsu Takagi;Marginalia II;2022-03-20T10:54:44Z
3cho;uytrere;pf_es;2022-03-20T22:21:37Z
esc;uytrere;pf_es;2022-03-21T09:14:36Z
uw;uytrere;pf_es;2022-03-21T09:14:46Z
dil.;uytrere;pf_es;2022-03-21T09:14:52Z
Placebo(somnus);uytrere;pf_es;2022-03-21T09:14:56Z
夜半の春;uytrere;pf_es;2022-03-21T09:15:07Z
grounded;uytrere;sanatorium;2022-03-21T15:20:01Z
Recur;uytrere;sanatorium;2022-03-21T15:29:08Z
Instillment;uytrere;sanatorium;2022-03-21T15:29:11Z
Ulterior echo;uytrere;sanatorium;2022-03-21T15:45:27Z
Doze in the Gloom;uytrere;sanatorium;2022-03-21T15:45:30Z
Immunosuppressant;uytrere;sanatorium;2022-03-21T15:45:33Z
Out_of_();uytrere;sanatorium;2022-03-21T15:51:09Z
escape;uytrere, Trerey-U;at the end of trip;2022-03-21T16:39:39Z
sunshower;uytrere, Trerey-U;at the end of trip;2022-03-21T16:39:42Z
footprint;uytrere, Trerey-U;at the end of trip;2022-03-21T16:39:44Z
wandering;uytrere, Trerey-U;at the end of trip;2022-03-21T16:51:37Z
nightwalking;uytrere, Trerey-U;at the end of trip;2022-03-21T16:51:39Z
surrender;uytrere, Trerey-U;at the end of trip;2022-03-21T16:51:41Z
Till the end;uytrere, Trerey-U;at the end of trip;2022-03-21T16:51:43Z
at the end of trip;uytrere, Trerey-U;at the end of trip;2022-03-21T16:51:45Z
from end to end;uytrere, Trerey-U;at the end of trip;2022-03-21T16:51:51Z
rain;uytrere;Hensou Original Soundtrack;2022-03-21T17:02:39Z
mist;uytrere;Hensou Original Soundtrack;2022-03-21T17:02:41Z
fog;uytrere;Hensou Original Soundtrack;2022-03-21T19:38:37Z
haze;uytrere;Hensou Original Soundtrack;2022-03-21T20:05:56Z
Awakening Interval;Keisuke Ito;AI: THE SOMNIUM FILES Complete Soundtrack -RaiNBOW AFFaiR-;2022-03-21T21:01:57Z
Watching Traffic;The Flashbulb;Compositions for Piano;2022-03-21T21:03:36Z
Danny;C418;Minecraft - Volume Alpha;2022-03-22T19:10:07Z
Subwoofer Lullaby;C418;Minecraft - Volume Alpha;2022-03-22T19:50:10Z
Title;Omori;Omori (Original Game Soundtrack), Pt.1;2022-03-23T22:09:27Z
Spaces Inbetween.;Omori;Omori (Original Game Soundtrack), Pt.1;2022-03-23T22:09:38Z
By Your Side.;Omori;Omori (Original Game Soundtrack), Pt.1;2022-03-23T22:09:46Z
Acrophobia;Omori;Omori (Original Game Soundtrack), Pt.1;2022-03-23T22:10:43Z
H20:Hcl;Omori;Omori (Original Game Soundtrack), Pt. 2;2022-03-23T22:16:20Z
Blue shift;Kie Katagi;Synesthesia;2022-04-03T12:42:18Z
Corner of Memories;dom mino';Unknown Coordinates;2022-04-03T13:28:52Z
Time Lapse;dom mino';Time Lapse;2022-04-03T13:52:30Z
Szek;dom mino';Time Lapse;2022-04-03T14:02:11Z
Guitars;dom mino';Time Lapse;2022-04-03T14:04:23Z
Gymnopédie No. 1;Erik Satie, Philippe Entremont;Erik Satie & Friends;2022-04-04T22:33:36Z
$#5#21?%!%($;soejima takuma;おわかれのほし (Original Soundtrack);2022-04-12T10:41:02Z
reflection;Masafumi Komatsu;Life;2022-04-19T06:15:37Z
at 3 o'clock;Yuki Murata;Gift;2022-04-21T20:34:14Z
Character of the Family;paniyolo;Sometimes;2022-04-21T20:34:28Z
April;Kanazu Tomoyuki;Prater;2022-04-21T20:34:50Z
Dawn;Masaki Kawasaki;Nostalgia;2022-04-21T20:34:59Z
Dawn After Darkness;Cicada;Dawn After Darkness;2022-04-21T20:35:11Z
better day;haruka nakamura;Still Life;2022-04-21T20:35:22Z
Torso in April;Kanazu Tomoyuki;Prater;2022-04-21T20:35:45Z
Hum;Daisuke Miyatani;Diario;2022-04-21T20:35:55Z
Don't Worry, It's Okay;Shook;Continuum;2022-04-21T20:36:06Z
"7PM (From ""Animal Crossing: New Leaf"")";Moisés Nieto;Piano Fables, Vol. 6;2022-04-22T21:14:45Z
flower;paniyolo, Akio Watanabe;flower;2022-04-22T21:14:57Z
Mizu;paniyolo;Mizu;2022-04-22T21:15:16Z
Space Road 1979;Omori;Omori (Original Game Soundtrack), Pt.1;2022-04-29T08:10:36Z
Ohm;ibi;Ohm;2022-04-30T09:07:31Z
ひととせ;uytrere;Terminus.;2022-05-03T09:54:13Z
immutable;uytrere;Terminus.;2022-05-03T09:54:13Z
limpid ghost;uytrere;Terminus.;2022-05-03T09:54:13Z
果ての;uytrere;Terminus.;2022-05-03T09:54:13Z
liminal-scape;uytrere;Terminus.;2022-05-03T09:54:13Z
fi;uytrere;Terminus.;2022-05-03T09:54:13Z
Terminus.;uytrere;Terminus.;2022-05-03T09:54:13Z
残影;uytrere;Terminus.;2022-05-03T09:54:13Z
I Can Still See Us;Francis Harris;Thresholds;2022-05-18T13:41:24Z
hydrothermal/meetingplace;No Love In The House Of Gold;there is no such thing as a jellyfish;2022-05-19T08:18:44Z
eau;yutaka hirasaka;breath;2022-06-02T21:01:06Z
memory lane;yutaka hirasaka, Idealism;memory lane;2022-06-02T21:01:36Z
open window - for piano;Yuichiro Fujimoto;The Mountain Record;2022-06-02T21:03:22Z
Useless Machines;Francis Harris;Thresholds;2022-06-07T18:39:03Z
Rebstock Fold;Francis Harris;Thresholds;2022-06-07T18:43:12Z
Speculative Nature Of Purposive Form;Francis Harris;Thresholds;2022-06-07T19:17:09Z
Hems;Francis Harris;Minutes of Sleep;2022-06-07T19:18:38Z
Dangerdream;Francis Harris;Minutes of Sleep;2022-06-07T19:23:52Z
unbodied;soejima takuma;unbodied;2022-06-13T11:58:30Z
Like Glass;VOISART;Like Glass;2022-06-18T11:45:39Z
Hidden Waltz;Akira Kosemura;88 Keys;2022-06-18T11:46:26Z
Panacea;Disasterpeace;Hyper Light Drifter;2022-06-18T11:47:04Z
悲しい気持ち;Shigeru Kishida;リラックマとカオルさん オリジナル・サウンドトラック (NETFLIXオリジナルシリーズ);2022-06-18T11:47:29Z
Fortress of Lies;岡部啓一;NieR:Automata Original Soundtrack;2022-06-18T11:48:34Z
Kioque;Akira Kosemura;Kioque;2022-06-18T11:49:06Z
糸遊;uytrere;透ける春;2022-06-22T12:21:57Z
春と眠る(repl.);uytrere;透ける春;2022-06-22T12:34:08Z
After closing;uytrere, Trerey-U;After closing;2022-06-22T12:34:33Z
再現在;uytrere;透ける春;2022-06-22T12:34:59Z
thlith;uytrere;透ける春;2022-06-22T12:35:28Z
夜半の春;uytrere;透ける春;2022-06-22T12:35:46Z
さゆらぎ;uytrere;透ける春;2022-06-22T12:35:56Z
pxe/1;uytrere;透ける春;2022-06-22T12:36:12Z
入夜;uytrere;透ける春;2022-06-22T12:36:19Z
Terminus.;uytrere;Terminus.;2022-06-22T12:37:01Z
long spell of rain;uytrere;Hensou Original Soundtrack;2022-06-22T12:42:20Z
cloudy, and then;uytrere;Hensou Original Soundtrack;2022-06-22T12:47:56Z
cloudless;uytrere;Hensou Original Soundtrack;2022-06-22T12:48:03Z
glowing clouds;uytrere;Hensou Original Soundtrack;2022-06-22T12:48:11Z
pseudo-clear;uytrere;Hensou Original Soundtrack;2022-06-22T12:48:30Z
rainbow;uytrere;Hensou Original Soundtrack;2022-06-22T12:48:37Z
after the rain;uytrere;Hensou Original Soundtrack;2022-06-22T12:48:49Z
ulterior echo;uytrere;Hensou Original Soundtrack;2022-06-22T12:48:54Z
Loss;アトラスサウンドチーム;Catherine & Catherine Full Body Soundtrack Set;2022-06-22T12:52:04Z
On the Lamb, Between ♂ and ♀On the Lamb, Between Male and Female;アトラスサウンドチーム;Catherine & Catherine Full Body Soundtrack Set;2022-06-22T12:52:14Z
Good Morning, New Day;アトラスサウンドチーム;Catherine & Catherine Full Body Soundtrack Set;2022-06-22T12:52:30Z
The Place We're Headed;Sweatson Klank;Postcards;2022-06-22T14:00:20Z
Ballad of a Sleepless Traveler;Sweatson Klank;Postcards;2022-06-22T14:00:20Z
Naps in Costa Rica;Sweatson Klank;Postcards;2022-06-22T14:00:20Z
On the Outskirts Where the City Ends;Sweatson Klank;Postcards;2022-06-22T14:00:20Z
Return of the Fishermen;Sweatson Klank;Postcards;2022-06-22T14:00:20Z
Its 6am in Kyoto;Sweatson Klank;Postcards;2022-06-22T14:00:20Z
Summer on the River Banks;Sweatson Klank;Postcards;2022-06-22T14:00:20Z
On the Train to Aix;Sweatson Klank;Postcards;2022-06-22T14:00:20Z
Balinese Sunrise;Sweatson Klank;Postcards;2022-06-22T14:00:20Z
On Our Way Home;Sweatson Klank;Postcards;2022-06-22T14:00:20Z
mu;SEAPOOL;スイート Q ラブ;2022-07-18T07:47:51Z
Vou Pegar;松永拓馬;ちがうなにか;2022-07-18T08:38:59Z
unbodied;soejima takuma;unbodied;2022-08-10T06:27:20Z
Harmonious;Binary Haze Interactive, Mili;ENDER LILIES: Quietus of the Knights Original Soundtrack;2022-08-10T06:40:25Z
where i am;soejima takuma;all sheep sleep in yours;2022-08-10T07:04:06Z
relation;soejima takuma;all sheep sleep in yours;2022-08-10T07:07:38Z
YUYU feat. SARI;soejima takuma;おわかれのほし (Original Soundtrack);2022-08-10T07:46:01Z
GURN'U;soejima takuma;おわかれのほし (Original Soundtrack);2022-08-10T07:48:07Z
artificial rain;soejima takuma;all sheep sleep in yours;2022-08-10T11:38:10Z
The North Line;Pan-American;The Patience Fader;2022-08-10T19:24:57Z
Il nostro momento;Non commutative ring;Nulla è fermo;2022-08-11T19:16:31Z
Cerasus Itosakura;Itoko Toma, synfilums;Cerasus Itosakura;2022-08-11T19:29:44Z
The day we saw the stars in the sky together;Milkoi;Highteen Romance Anime;2022-08-13T18:37:34Z
Slowly Diving;Takuro Okada, Toshihiko Kasai, Yuma Koda;To Waters of Lethe;2022-08-29T09:20:38Z
To Waters of Lethe;Takuro Okada, Toshihiko Kasai, Yuma Koda, Miyu Hosoi;To Waters of Lethe;2022-08-29T09:24:47Z
Marginalia #104;Masakatsu Takagi;Marginalia #104;2022-08-29T09:38:45Z
Threads;キャロル&チューズデイ(Vo.Nai Br.XX&Celeina Ann);TVアニメ「キャロル&チューズデイ」VOCAL COLLECTION Vol.2;2023-01-04T20:50:13Z
Sunlight on Still Water, Pt. 1;The Lovely Moon;Sunlight on Still Water;2023-01-30T09:34:59Z
Waltz No. 1, Collapse;Hikaru Shirosu;Op. 1: Multiverse;2023-02-10T09:47:23Z
letras;uytrere;イマジナリ;2023-02-17T09:02:34Z
揺籃;uytrere;イマジナリ;2023-02-17T09:02:34Z
retrospect;uytrere;イマジナリ;2023-02-17T09:02:34Z
alternarrative;uytrere;イマジナリ;2023-02-17T09:02:34Z
黄昏;uytrere;イマジナリ;2023-02-17T09:02:34Z
recite;uytrere;イマジナリ;2023-02-17T09:02:34Z
祈りと色彩;uytrere;イマジナリ;2023-02-17T09:02:34Z
[イマジナリ];uytrere;イマジナリ;2023-02-17T09:02:34Z
magnapinna;No Love In The House Of Gold;there is no such thing as a jellyfish;2023-02-20T08:39:02Z
décalcomanie,surround,echo;Kensuke Ushio;映画『リズと青い鳥』オリジナルサウンドトラック「girls,dance,staircase」;2023-02-24T11:54:30Z
michael has been fired from his job, michael has been burnt to death;No Love In The House Of Gold;atlantis part 2;2023-02-27T08:59:03Z
Toe;Itoko Toma;Toe;2023-03-01T08:13:36Z
At the Crossroads;Yuji Nomi;The Cat Returns (Original Soundtrack);2023-03-02T19:38:02Z
Oyasame(?);Pathcel Tarts;Oyasame(?);2023-03-06T13:26:28Z
Vortex;Kensuke Ushio;The Heike Story Original Soundtrack Requiem Phases +;2023-03-07T09:16:23Z
The Day After Tomorrow;Kensuke Ushio;The Heike Story Original Soundtrack Requiem Phases +;2023-03-07T09:30:56Z
solitudes;Ichiko Hashimoto;ラーゼフォン O.S.T.1;2023-03-07T10:55:55Z